<phyloxml><phylogeny rooted="false"><clade><clade><clade><clade><clade><clade><clade><clade><clade><name>Escherichia_coli</name></clade><name>Escherichia</name></clade><name>Enterobacteriaceae</name></clade><name>Enterobacterales</name></clade><name>Gammaproteobacteria</name></clade><name>Proteobacteria</name></clade><name>Bacteria</name></clade><clade><clade><clade><clade><clade><clade><clade><clade><clade><clade><clade><clade><clade><clade><clade><clade><clade><clade><clade><clade><clade><clade><clade><clade><clade><clade><clade><clade><clade><clade><clade><clade><clade><name>Drosophila_melanogaster</name></clade><name>melanogaster_subgroup</name></clade><name>melanogaster_group</name></clade><name>Sophophora</name></clade><name>Drosophila</name></clade><name>Drosophilini</name></clade><name>Drosophilinae</name></clade><name>Drosophilidae</name></clade><name>Ephydroidea</name></clade><name>Acalyptratae</name></clade><name>Schizophora</name></clade><name>Cyclorrhapha</name></clade><name>Eremoneura</name></clade><name>Muscomorpha</name></clade><name>Brachycera</name></clade><name>Diptera</name></clade><name>Holometabola</name></clade><name>Neoptera</name></clade><name>Pterygota</name></clade><name>Dicondylia</name></clade><name>Insecta</name></clade><name>Hexapoda</name></clade><name>Pancrustacea</name></clade><name>Mandibulata</name></clade><name>Arthropoda</name></clade><name>Panarthropoda</name></clade><name>Ecdysozoa</name></clade><name>Protostomia</name></clade><clade><clade><clade><clade><clade><clade><clade><clade><clade><clade><clade><clade><clade><clade><clade><clade><clade><clade><clade><clade><clade><clade><clade><clade><clade><name>Homo_sapiens</name></clade><name>Homo</name></clade><name>Homininae</name></clade><name>Hominidae</name></clade><name>Hominoidea</name></clade><name>Catarrhini</name></clade><name>Simiiformes</name></clade><name>Haplorrhini</name></clade><name>Primates</name></clade><clade><clade><clade><clade><clade><clade><clade><clade><clade><name>Mus_musculus</name></clade><name>Mus</name></clade><name>Mus</name></clade><name>Murinae</name></clade><name>Muridae</name></clade><name>Muroidea</name></clade><name>Myomorpha</name></clade><name>Rodentia</name></clade><name>Glires</name></clade><name>Euarchontoglires</name></clade><name>Boreoeutheria</name></clade><name>Eutheria</name></clade><name>Theria</name></clade><name>Mammalia</name></clade><clade><clade><clade><clade><clade><clade><clade><clade><clade><clade><clade><clade><clade><clade><clade><clade><name>Gallus_gallus</name></clade><name>Gallus</name></clade><name>Phasianinae</name></clade><name>Phasianidae</name></clade><name>Galliformes</name></clade><name>Galloanserae</name></clade><name>Neognathae</name></clade><name>Aves</name></clade><name>Coelurosauria</name></clade><name>Theropoda</name></clade><name>Saurischia</name></clade><name>Dinosauria</name></clade><name>Archosauria</name></clade><name>Archelosauria</name></clade><name>Sauria</name></clade><name>Sauropsida</name></clade><name>Amniota</name></clade><name>Tetrapoda</name></clade><name>Dipnotetrapodomorpha</name></clade><name>Sarcopterygii</name></clade><name>Euteleostomi</name></clade><name>Teleostomi</name></clade><name>Gnathostomata</name></clade><name>Vertebrata</name></clade><name>Craniata</name></clade><name>Chordata</name></clade><name>Deuterostomia</name></clade><name>Bilateria</name></clade><name>Eumetazoa</name></clade><name>Metazoa</name></clade><name>Opisthokonta</name></clade><name>Eukaryota</name></clade><name>cellular_organisms</name></clade></clade></phylogeny></phyloxml>
